#Portfolio,RiskClass,RiskType,Quantile_0.010000,Quantile_0.050000,Quantile_0.950000,Quantile_0.990000
All,All,All,-3.489522,-2.467280,2.467280,3.489522
PF1,All,All,-3.489522,-2.467280,2.467280,3.489522
All,All,DeltaGamma,-3.489522,-2.467280,2.467280,3.489522
PF1,All,DeltaGamma,-3.489522,-2.467280,2.467280,3.489522
All,InterestRate,All,-3.489522,-2.467280,2.467280,3.489522
PF1,InterestRate,All,-3.489522,-2.467280,2.467280,3.489522
All,InterestRate,DeltaGamma,-3.489522,-2.467280,2.467280,3.489522
PF1,InterestRate,DeltaGamma,-3.489522,-2.467280,2.467280,3.489522
